Time,Symbol,Price,EMA(10),RSI(14),Signal
2025-08-04 16:18:34,BTCUSDT,115384.74,,,
2025-08-04 16:18:34,ETHUSDT,3662.22,,,
2025-08-04 16:18:34,BNBUSDT,765.16,,,
2025-08-04 16:20:08,BTCUSDT,115311.68,,,
2025-08-04 16:20:08,ETHUSDT,3661.49,,,
2025-08-04 16:20:08,BNBUSDT,765.37,,,
2025-08-04 16:20:43,BTCUSDT,115284.01,,,
2025-08-04 16:20:43,ETHUSDT,3661.6,,,
2025-08-04 16:20:43,BNBUSDT,765.51,,,
2025-08-04 16:26:24,BTCUSDT,115390.07,,,
2025-08-04 16:26:24,ETHUSDT,3655.5,,,
2025-08-04 16:26:24,BNBUSDT,765.14,,,
2025-08-04 16:26:42,BTCUSDT,115322.36,,,
2025-08-04 16:26:42,ETHUSDT,3654.35,,,
2025-08-04 16:26:42,BNBUSDT,764.89,,,
2025-08-04 16:29:57,BTCUSDT,115418.99,,,
2025-08-04 16:29:57,ETHUSDT,3655.59,,,
2025-08-04 16:29:57,BNBUSDT,765.23,,,
2025-08-04 16:31:11,BTCUSDT,115367.05,,,
2025-08-04 16:31:11,ETHUSDT,3656.18,,,
2025-08-04 16:31:11,BNBUSDT,764.48,,,
2025-08-04 16:31:22,BTCUSDT,115337.08,,,
2025-08-04 16:31:22,ETHUSDT,3655.06,,,
2025-08-04 16:31:22,BNBUSDT,764.32,,,
2025-08-04 16:31:31,BTCUSDT,115321.62,,,
2025-08-04 16:31:31,ETHUSDT,3653.64,,,
2025-08-04 16:31:31,BNBUSDT,764.27,,,
2025-08-04 16:31:41,BTCUSDT,115311.36,,,
2025-08-04 16:31:41,ETHUSDT,3651.14,,,
2025-08-04 16:31:41,BNBUSDT,764.08,,,
2025-08-04 16:31:51,BTCUSDT,115318.59,,,
2025-08-04 16:31:51,ETHUSDT,3651.41,,,
2025-08-04 16:31:51,BNBUSDT,764.18,,,
2025-08-04 16:32:01,BTCUSDT,115318.6,,,
2025-08-04 16:32:01,ETHUSDT,3652.03,,,
2025-08-04 16:32:01,BNBUSDT,764.25,,,
2025-08-04 16:32:11,BTCUSDT,115318.59,,,
2025-08-04 16:32:11,ETHUSDT,3652.35,,,
2025-08-04 16:32:11,BNBUSDT,764.39,,,
2025-08-04 16:32:21,BTCUSDT,115303.2,,,
2025-08-04 16:32:21,ETHUSDT,3650.5,,,
2025-08-04 16:32:21,BNBUSDT,764.31,,,
2025-08-04 16:32:33,BTCUSDT,115357.26,,,
2025-08-04 16:32:33,ETHUSDT,3653.34,,,
2025-08-04 16:32:33,BNBUSDT,764.59,,,
2025-08-04 16:32:41,BTCUSDT,115338.29,,,
2025-08-04 16:32:41,ETHUSDT,3653.74,,,
2025-08-04 16:32:41,BNBUSDT,764.48,,,
2025-08-04 16:32:55,BTCUSDT,115323.48,,,
2025-08-04 16:32:55,ETHUSDT,3653.15,,,
2025-08-04 16:32:55,BNBUSDT,764.19,,,
2025-08-04 16:33:54,BTCUSDT,115423.54,,,
2025-08-04 16:33:54,ETHUSDT,3660.45,,,
2025-08-04 16:33:54,BNBUSDT,764.79,,,
2025-08-04 16:34:53,BTCUSDT,115334.72,,,
2025-08-04 16:34:53,ETHUSDT,3656.0,,,
2025-08-04 16:34:53,BNBUSDT,764.4,,,
2025-08-04 16:35:54,BTCUSDT,115277.33,,,
2025-08-04 16:35:54,ETHUSDT,3651.12,,,
2025-08-04 16:35:54,BNBUSDT,763.53,,,
2025-08-04 16:36:03,BTCUSDT,115312.88,,,
2025-08-04 16:36:03,ETHUSDT,3651.44,,,
2025-08-04 16:36:03,BNBUSDT,763.92,,,
2025-08-04 16:36:15,BTCUSDT,115296.01,,,
2025-08-04 16:36:15,ETHUSDT,3650.21,,,
2025-08-04 16:36:15,BNBUSDT,763.79,,,
2025-08-04 16:36:26,BTCUSDT,115253.4,,,
2025-08-04 16:36:26,ETHUSDT,3649.61,,,
2025-08-04 16:36:26,BNBUSDT,763.75,,,
2025-08-04 16:36:34,BTCUSDT,115266.36,,,
2025-08-04 16:36:34,ETHUSDT,3651.17,,,
2025-08-04 16:36:34,BNBUSDT,763.99,,,
2025-08-04 16:36:45,BTCUSDT,115307.75,,,
2025-08-04 16:36:45,ETHUSDT,3653.04,,,
2025-08-04 16:36:45,BNBUSDT,764.23,,,
2025-08-04 16:36:54,BTCUSDT,115338.18,,,
2025-08-04 16:36:54,ETHUSDT,3653.23,,,
2025-08-04 16:36:54,BNBUSDT,764.3,,,
2025-08-04 16:37:04,BTCUSDT,115316.65,,,
2025-08-04 16:37:04,ETHUSDT,3653.63,,,
2025-08-04 16:37:04,BNBUSDT,764.47,,,
2025-08-04 16:37:14,BTCUSDT,115329.0,,,
2025-08-04 16:37:14,ETHUSDT,3653.7,,,
2025-08-04 16:37:14,BNBUSDT,764.42,,,
2025-08-04 16:37:53,BTCUSDT,115316.67,,,
2025-08-04 16:37:53,ETHUSDT,3652.02,,,
2025-08-04 16:37:53,BNBUSDT,764.55,,,
2025-08-04 16:38:54,BTCUSDT,115186.92,,,
2025-08-04 16:38:54,ETHUSDT,3650.53,,,
2025-08-04 16:38:54,BNBUSDT,764.13,,,
2025-08-04 16:39:54,BTCUSDT,115091.19,,,
2025-08-04 16:39:54,ETHUSDT,3643.06,,,
2025-08-04 16:39:54,BNBUSDT,763.01,,,
2025-08-04 16:40:54,BTCUSDT,115067.17,,,
2025-08-04 16:40:54,ETHUSDT,3641.69,,,
2025-08-04 16:40:54,BNBUSDT,763.0,,,
2025-08-04 16:41:53,BTCUSDT,115123.88,,,
2025-08-04 16:41:53,ETHUSDT,3643.4,,,
2025-08-04 16:41:53,BNBUSDT,763.3,,,
2025-08-04 16:42:54,BTCUSDT,115133.96,,,
2025-08-04 16:42:54,ETHUSDT,3645.74,,,
2025-08-04 16:42:54,BNBUSDT,763.36,,,
2025-08-04 16:43:54,BTCUSDT,115064.31,,,
2025-08-04 16:43:54,ETHUSDT,3641.59,,,
2025-08-04 16:43:54,BNBUSDT,763.0,,,
2025-08-04 16:44:53,BTCUSDT,115010.19,,,
2025-08-04 16:44:53,ETHUSDT,3638.01,,,
2025-08-04 16:44:53,BNBUSDT,762.1,,,
2025-08-04 16:45:55,BTCUSDT,114912.25,,,
2025-08-04 16:45:55,ETHUSDT,3634.39,,,
2025-08-04 16:45:55,BNBUSDT,761.45,,,
2025-08-04 16:46:53,BTCUSDT,114863.79,,,
2025-08-04 16:46:53,ETHUSDT,3633.59,,,
2025-08-04 16:46:53,BNBUSDT,760.89,,,
2025-08-04 16:47:57,BTCUSDT,114834.77,,,
2025-08-04 16:47:57,ETHUSDT,3634.92,,,
2025-08-04 16:47:57,BNBUSDT,761.07,,,
2025-08-04 16:48:55,BTCUSDT,114991.9,,,
2025-08-04 16:48:55,ETHUSDT,3641.9,,,
2025-08-04 16:48:55,BNBUSDT,762.05,,,
2025-08-04 16:49:28,BTCUSDT,115089.38,,,
2025-08-04 16:49:28,ETHUSDT,3646.04,,,
2025-08-04 16:49:28,BNBUSDT,763.33,,,
2025-08-04 16:49:40,BTCUSDT,115116.52,,,
2025-08-04 16:49:40,ETHUSDT,3647.24,,,
2025-08-04 16:49:40,BNBUSDT,763.64,,,
2025-08-04 16:49:48,BTCUSDT,115137.13,,,
2025-08-04 16:49:48,ETHUSDT,3649.38,,,
2025-08-04 16:49:48,BNBUSDT,763.8,,,
2025-08-04 16:49:59,BTCUSDT,115144.01,,,
2025-08-04 16:49:59,ETHUSDT,3649.6,,,
2025-08-04 16:49:59,BNBUSDT,763.72,,,
2025-08-04 16:50:09,BTCUSDT,115121.55,,,
2025-08-04 16:50:09,ETHUSDT,3648.96,,,
2025-08-04 16:50:09,BNBUSDT,763.42,,,
2025-08-04 16:50:19,BTCUSDT,115159.99,,,
2025-08-04 16:50:19,ETHUSDT,3648.51,,,
2025-08-04 16:50:19,BNBUSDT,763.43,,,
2025-08-04 16:50:29,BTCUSDT,115130.06,,,
2025-08-04 16:50:29,ETHUSDT,3648.15,,,
2025-08-04 16:50:29,BNBUSDT,763.26,,,
2025-08-04 16:50:40,BTCUSDT,115060.55,,,
2025-08-04 16:50:40,ETHUSDT,3645.91,,,
2025-08-04 16:50:40,BNBUSDT,763.0,,,
2025-08-04 16:50:56,BTCUSDT,115003.61,,,
2025-08-04 16:50:56,ETHUSDT,3643.26,,,
2025-08-04 16:50:56,BNBUSDT,762.5,,,
2025-08-04 16:51:05,BTCUSDT,114893.83,,,
2025-08-04 16:51:05,ETHUSDT,3639.76,,,
2025-08-04 16:51:05,BNBUSDT,761.74,,,
2025-08-04 16:51:18,BTCUSDT,114859.37,,,
2025-08-04 16:51:18,ETHUSDT,3635.55,,,
2025-08-04 16:51:18,BNBUSDT,760.83,,,
2025-08-04 16:51:25,BTCUSDT,114840.0,,,
2025-08-04 16:51:25,ETHUSDT,3636.5,,,
2025-08-04 16:51:25,BNBUSDT,761.58,,,
2025-08-04 16:51:35,BTCUSDT,114898.02,,,
2025-08-04 16:51:35,ETHUSDT,3638.52,,,
2025-08-04 16:51:35,BNBUSDT,761.8,,,
2025-08-04 16:51:45,BTCUSDT,114940.64,,,
2025-08-04 16:51:45,ETHUSDT,3640.52,,,
2025-08-04 16:51:45,BNBUSDT,762.14,,,
2025-08-04 16:51:57,BTCUSDT,114886.76,,,
2025-08-04 16:51:57,ETHUSDT,3637.52,,,
2025-08-04 16:51:57,BNBUSDT,761.83,,,
2025-08-04 16:52:06,BTCUSDT,114899.85,,,
2025-08-04 16:52:06,ETHUSDT,3638.74,,,
2025-08-04 16:52:06,BNBUSDT,761.9,,,
2025-08-04 16:52:16,BTCUSDT,114914.96,,,
2025-08-04 16:52:16,ETHUSDT,3639.64,,,
2025-08-04 16:52:16,BNBUSDT,761.63,,,
2025-08-04 16:52:26,BTCUSDT,114914.96,,,
2025-08-04 16:52:26,ETHUSDT,3639.65,,,
2025-08-04 16:52:26,BNBUSDT,761.63,,,
2025-08-04 16:52:36,BTCUSDT,114899.85,,,
2025-08-04 16:52:36,ETHUSDT,3638.14,,,
2025-08-04 16:52:36,BNBUSDT,761.47,,,
2025-08-04 16:52:57,BTCUSDT,114818.99,,,
2025-08-04 16:52:57,ETHUSDT,3634.21,,,
2025-08-04 16:52:57,BNBUSDT,760.6,,,
2025-08-04 16:53:58,BTCUSDT,114851.28,,,
2025-08-04 16:53:58,ETHUSDT,3639.66,,,
2025-08-04 16:53:58,BNBUSDT,761.0,,,
2025-08-04 16:54:56,BTCUSDT,114787.04,,,
2025-08-04 16:54:56,ETHUSDT,3634.86,,,
2025-08-04 16:54:56,BNBUSDT,760.45,,,
2025-08-04 16:55:57,BTCUSDT,114727.42,,,
2025-08-04 16:55:57,ETHUSDT,3634.39,,,
2025-08-04 16:55:57,BNBUSDT,759.81,,,
2025-08-04 16:57:03,BTCUSDT,114698.64,,,
2025-08-04 16:57:03,ETHUSDT,3636.67,,,
2025-08-04 16:57:03,BNBUSDT,760.67,,,
2025-08-04 16:57:14,BTCUSDT,114748.32,,,
2025-08-04 16:57:14,ETHUSDT,3637.89,,,
2025-08-04 16:57:14,BNBUSDT,760.53,,,
2025-08-04 16:57:19,BTCUSDT,114767.01,,,
2025-08-04 16:57:19,ETHUSDT,3639.93,,,
2025-08-04 16:57:19,BNBUSDT,760.79,,,
2025-08-04 16:57:34,BTCUSDT,114754.06,,,
2025-08-04 16:57:34,ETHUSDT,3638.0,,,
2025-08-04 16:57:34,BNBUSDT,760.71,,,
2025-08-04 16:57:35,BTCUSDT,114754.06,,,
2025-08-04 16:57:35,ETHUSDT,3638.0,,,
2025-08-04 16:57:35,BNBUSDT,760.71,,,
2025-08-04 16:57:42,BTCUSDT,114754.06,,,
2025-08-04 16:57:42,ETHUSDT,3637.98,,,
2025-08-04 16:57:42,BNBUSDT,760.71,,,
2025-08-04 16:57:50,BTCUSDT,114726.22,,,
2025-08-04 16:57:50,ETHUSDT,3637.72,,,
2025-08-04 16:57:50,BNBUSDT,760.83,,,
2025-08-04 16:57:55,BTCUSDT,114724.13,,,
2025-08-04 16:57:55,ETHUSDT,3637.22,,,
2025-08-04 16:57:55,BNBUSDT,760.71,,,
2025-08-04 16:58:08,BTCUSDT,114704.35,,,
2025-08-04 16:58:08,ETHUSDT,3636.2,,,
2025-08-04 16:58:08,BNBUSDT,760.54,,,
2025-08-04 16:58:17,BTCUSDT,114704.35,,,
2025-08-04 16:58:17,ETHUSDT,3636.27,,,
2025-08-04 16:58:17,BNBUSDT,760.58,,,
2025-08-04 16:58:30,BTCUSDT,114691.8,,,
2025-08-04 16:58:30,ETHUSDT,3635.62,,,
2025-08-04 16:58:30,BNBUSDT,760.47,,,
2025-08-04 16:58:36,BTCUSDT,114667.1,,,
2025-08-04 16:58:36,ETHUSDT,3633.84,,,
2025-08-04 16:58:36,BNBUSDT,760.48,,,
2025-08-04 16:58:46,BTCUSDT,114688.78,,,
2025-08-04 16:58:46,ETHUSDT,3635.18,,,
2025-08-04 16:58:46,BNBUSDT,760.67,,,
2025-08-04 16:58:55,BTCUSDT,114726.21,,,
2025-08-04 16:58:55,ETHUSDT,3636.79,,,
2025-08-04 16:58:55,BNBUSDT,761.0,,,
2025-08-04 16:59:05,BTCUSDT,114749.99,,,
2025-08-04 16:59:05,ETHUSDT,3637.44,,,
2025-08-04 16:59:05,BNBUSDT,761.16,,,
2025-08-04 16:59:17,BTCUSDT,114750.0,,,
2025-08-04 16:59:17,ETHUSDT,3636.89,,,
2025-08-04 16:59:17,BNBUSDT,760.94,,,
2025-08-04 16:59:26,BTCUSDT,114726.21,,,
2025-08-04 16:59:26,ETHUSDT,3636.32,,,
2025-08-04 16:59:26,BNBUSDT,760.83,,,
2025-08-04 16:59:37,BTCUSDT,114726.22,,,
2025-08-04 16:59:37,ETHUSDT,3636.19,,,
2025-08-04 16:59:37,BNBUSDT,760.79,,,
2025-08-04 16:59:48,BTCUSDT,114726.21,,,
2025-08-04 16:59:48,ETHUSDT,3637.11,,,
2025-08-04 16:59:48,BNBUSDT,760.88,,,
2025-08-04 16:59:56,BTCUSDT,114726.22,,,
2025-08-04 16:59:56,ETHUSDT,3638.62,,,
2025-08-04 16:59:56,BNBUSDT,761.05,,,
2025-08-04 17:00:08,BTCUSDT,114744.82,,,
2025-08-04 17:00:08,ETHUSDT,3638.32,,,
2025-08-04 17:00:08,BNBUSDT,761.0,,,
2025-08-04 17:00:54,BTCUSDT,114704.33,,,
2025-08-04 17:00:54,ETHUSDT,3636.26,,,
2025-08-04 17:00:54,BNBUSDT,761.05,,,
2025-08-04 17:00:57,BTCUSDT,114704.34,,,
2025-08-04 17:00:57,ETHUSDT,3636.7,,,
2025-08-04 17:00:57,BNBUSDT,761.07,,,
2025-08-04 17:01:57,BTCUSDT,114730.75,,,
2025-08-04 17:01:57,ETHUSDT,3637.8,,,
2025-08-04 17:01:57,BNBUSDT,761.03,,,
2025-08-04 17:02:54,BTCUSDT,114741.85,,,
2025-08-04 17:02:54,ETHUSDT,3637.89,,,
2025-08-04 17:02:54,BNBUSDT,761.1,,,
2025-08-04 17:02:58,BTCUSDT,114747.99,,,
2025-08-04 17:02:58,ETHUSDT,3638.47,,,
2025-08-04 17:02:58,BNBUSDT,761.2,,,
2025-08-04 17:03:57,BTCUSDT,114836.01,,,
2025-08-04 17:03:57,ETHUSDT,3642.14,,,
2025-08-04 17:03:57,BNBUSDT,761.66,,,
2025-08-04 17:04:53,BTCUSDT,114887.61,,,
2025-08-04 17:04:53,ETHUSDT,3644.49,,,
2025-08-04 17:04:53,BNBUSDT,761.77,,,
2025-08-04 17:04:57,BTCUSDT,114887.61,,,
2025-08-04 17:04:57,ETHUSDT,3644.86,,,
2025-08-04 17:04:57,BNBUSDT,761.77,,,
2025-08-04 17:05:54,BTCUSDT,114854.19,,,
2025-08-04 17:05:54,ETHUSDT,3643.53,,,
2025-08-04 17:05:54,BNBUSDT,761.54,,,
2025-08-04 17:05:57,BTCUSDT,114858.21,,,
2025-08-04 17:05:57,ETHUSDT,3643.71,,,
2025-08-04 17:05:57,BNBUSDT,761.58,,,
2025-08-04 17:06:58,BTCUSDT,114873.15,,,
2025-08-04 17:06:58,ETHUSDT,3642.68,,,
2025-08-04 17:06:58,BNBUSDT,761.6,,,
2025-08-04 17:07:54,BTCUSDT,114926.75,,,
2025-08-04 17:07:54,ETHUSDT,3644.69,,,
2025-08-04 17:07:54,BNBUSDT,761.87,,,
2025-08-04 17:07:58,BTCUSDT,114926.74,,,
2025-08-04 17:07:58,ETHUSDT,3644.69,,,
2025-08-04 17:07:58,BNBUSDT,761.87,,,
2025-08-04 17:08:54,BTCUSDT,114895.46,,,
2025-08-04 17:08:54,ETHUSDT,3644.87,,,
2025-08-04 17:08:54,BNBUSDT,762.04,,,
2025-08-04 17:08:57,BTCUSDT,114895.46,,,
2025-08-04 17:08:57,ETHUSDT,3644.86,,,
2025-08-04 17:08:57,BNBUSDT,762.01,,,
2025-08-04 17:09:57,BTCUSDT,114973.2,,,
2025-08-04 17:09:57,ETHUSDT,3647.68,,,
2025-08-04 17:09:57,BNBUSDT,762.29,,,
2025-08-04 17:10:59,BTCUSDT,114938.96,,,
2025-08-04 17:10:59,ETHUSDT,3647.36,,,
2025-08-04 17:10:59,BNBUSDT,762.1,,,
2025-08-04 17:12:05,BTCUSDT,114934.79,,,
2025-08-04 17:12:05,ETHUSDT,3650.13,,,
2025-08-04 17:12:05,BNBUSDT,762.49,,,
2025-08-04 17:12:14,BTCUSDT,114934.79,,,
2025-08-04 17:12:14,ETHUSDT,3650.48,,,
2025-08-04 17:12:14,BNBUSDT,762.48,,,
2025-08-04 17:12:30,BTCUSDT,114934.78,,,
2025-08-04 17:12:30,ETHUSDT,3650.53,,,
2025-08-04 17:12:30,BNBUSDT,762.49,,,
2025-08-04 17:12:46,BTCUSDT,114937.52,,,
2025-08-04 17:12:46,ETHUSDT,3649.75,,,
2025-08-04 17:12:46,BNBUSDT,762.68,,,
2025-08-04 17:12:53,BTCUSDT,114955.2,,,
2025-08-04 17:12:53,ETHUSDT,3650.36,,,
2025-08-04 17:12:53,BNBUSDT,762.67,,,
2025-08-04 17:13:03,BTCUSDT,114953.3,,,
2025-08-04 17:13:03,ETHUSDT,3650.21,,,
2025-08-04 17:13:03,BNBUSDT,762.68,,,
2025-08-04 17:13:13,BTCUSDT,114955.79,,,
2025-08-04 17:13:13,ETHUSDT,3650.71,,,
2025-08-04 17:13:13,BNBUSDT,762.69,,,
2025-08-04 17:13:55,BTCUSDT,114954.83,,,
2025-08-04 17:13:55,ETHUSDT,3650.51,,,
2025-08-04 17:13:55,BNBUSDT,762.64,,,
2025-08-04 17:14:54,BTCUSDT,114989.64,,,
2025-08-04 17:14:54,ETHUSDT,3650.2,,,
2025-08-04 17:14:54,BNBUSDT,762.93,,,
2025-08-04 17:15:56,BTCUSDT,114978.03,,,
2025-08-04 17:15:56,ETHUSDT,3647.76,,,
2025-08-04 17:15:56,BNBUSDT,762.91,,,
2025-08-04 17:16:57,BTCUSDT,114987.96,,,
2025-08-04 17:16:57,ETHUSDT,3645.05,,,
2025-08-04 17:16:57,BNBUSDT,762.7,,,
2025-08-04 17:17:57,BTCUSDT,115009.37,,,
2025-08-04 17:17:57,ETHUSDT,3645.51,,,
2025-08-04 17:17:57,BNBUSDT,762.47,,,
2025-08-04 17:18:54,BTCUSDT,114936.62,,,
2025-08-04 17:18:54,ETHUSDT,3644.71,,,
2025-08-04 17:18:54,BNBUSDT,762.65,,,
2025-08-04 17:19:54,BTCUSDT,114894.01,,,
2025-08-04 17:19:54,ETHUSDT,3644.24,,,
2025-08-04 17:19:54,BNBUSDT,762.47,,,
2025-08-04 17:20:54,BTCUSDT,114900.0,,,
2025-08-04 17:20:54,ETHUSDT,3646.52,,,
2025-08-04 17:20:54,BNBUSDT,762.51,,,
2025-08-04 17:21:54,BTCUSDT,114856.29,,,
2025-08-04 17:21:54,ETHUSDT,3646.67,,,
2025-08-04 17:21:54,BNBUSDT,762.6,,,
2025-08-04 17:22:57,BTCUSDT,114824.65,,,
2025-08-04 17:22:57,ETHUSDT,3645.74,,,
2025-08-04 17:22:57,BNBUSDT,762.4,,,
2025-08-04 17:23:58,BTCUSDT,114846.44,,,
2025-08-04 17:23:58,ETHUSDT,3646.65,,,
2025-08-04 17:23:58,BNBUSDT,762.73,,,
2025-08-04 17:24:56,BTCUSDT,114857.52,,,
2025-08-04 17:24:56,ETHUSDT,3647.25,,,
2025-08-04 17:24:56,BNBUSDT,762.74,,,
2025-08-04 17:25:56,BTCUSDT,114872.43,,,
2025-08-04 17:25:56,ETHUSDT,3649.78,,,
2025-08-04 17:25:56,BNBUSDT,762.9,,,
2025-08-04 17:26:55,BTCUSDT,114844.0,,,
2025-08-04 17:26:55,ETHUSDT,3648.59,,,
2025-08-04 17:26:55,BNBUSDT,762.94,,,
2025-08-04 17:27:55,BTCUSDT,114805.48,,,
2025-08-04 17:27:55,ETHUSDT,3647.27,,,
2025-08-04 17:27:55,BNBUSDT,762.78,,,
2025-08-04 17:28:55,BTCUSDT,114816.32,,,
2025-08-04 17:28:55,ETHUSDT,3648.05,,,
2025-08-04 17:28:55,BNBUSDT,762.57,,,
2025-08-04 17:29:53,BTCUSDT,114816.55,,,
2025-08-04 17:29:53,ETHUSDT,3648.87,,,
2025-08-04 17:29:53,BNBUSDT,762.7,,,
2025-08-04 17:30:55,BTCUSDT,114817.0,,,
2025-08-04 17:30:55,ETHUSDT,3648.88,,,
2025-08-04 17:30:55,BNBUSDT,762.4,,,
2025-08-04 17:31:54,BTCUSDT,114810.5,,,
2025-08-04 17:31:54,ETHUSDT,3647.89,,,
2025-08-04 17:31:54,BNBUSDT,762.08,,,
2025-08-04 17:32:56,BTCUSDT,114874.26,,,
2025-08-04 17:32:56,ETHUSDT,3651.26,,,
2025-08-04 17:32:56,BNBUSDT,762.09,,,
2025-08-04 17:33:56,BTCUSDT,114864.13,,,
2025-08-04 17:33:56,ETHUSDT,3650.18,,,
2025-08-04 17:33:56,BNBUSDT,761.96,,,
2025-08-04 17:34:54,BTCUSDT,114857.55,,,
2025-08-04 17:34:54,ETHUSDT,3652.53,,,
2025-08-04 17:34:54,BNBUSDT,762.18,,,
2025-08-04 17:35:53,BTCUSDT,114840.91,,,
2025-08-04 17:35:53,ETHUSDT,3654.61,,,
2025-08-04 17:35:53,BNBUSDT,761.83,,,
2025-08-04 17:36:53,BTCUSDT,114800.01,,,
2025-08-04 17:36:53,ETHUSDT,3652.5,,,
2025-08-04 17:36:53,BNBUSDT,761.89,,,
2025-08-04 17:37:56,BTCUSDT,114840.0,,,
2025-08-04 17:37:56,ETHUSDT,3653.57,,,
2025-08-04 17:37:56,BNBUSDT,762.06,,,
2025-08-04 17:38:54,BTCUSDT,114803.37,,,
2025-08-04 17:38:54,ETHUSDT,3652.11,,,
2025-08-04 17:38:54,BNBUSDT,761.67,,,
2025-08-04 17:39:55,BTCUSDT,114743.33,,,
2025-08-04 17:39:55,ETHUSDT,3647.92,,,
2025-08-04 17:39:55,BNBUSDT,760.58,,,
2025-08-04 17:40:54,BTCUSDT,114667.7,,,
2025-08-04 17:40:54,ETHUSDT,3643.16,,,
2025-08-04 17:40:54,BNBUSDT,760.37,,,
2025-08-04 17:41:56,BTCUSDT,114640.52,,,
2025-08-04 17:41:56,ETHUSDT,3642.93,,,
2025-08-04 17:41:56,BNBUSDT,760.3,,,
2025-08-04 17:42:55,BTCUSDT,114560.33,,,
2025-08-04 17:42:55,ETHUSDT,3638.18,,,
2025-08-04 17:42:55,BNBUSDT,759.69,,,
2025-08-04 17:43:54,BTCUSDT,114660.81,,,
2025-08-04 17:43:54,ETHUSDT,3644.19,,,
2025-08-04 17:43:54,BNBUSDT,759.91,,,
2025-08-04 17:44:54,BTCUSDT,114654.42,,,
2025-08-04 17:44:54,ETHUSDT,3640.44,,,
2025-08-04 17:44:54,BNBUSDT,759.46,,,
2025-08-04 17:45:54,BTCUSDT,114660.0,,,
2025-08-04 17:45:54,ETHUSDT,3639.01,,,
2025-08-04 17:45:54,BNBUSDT,758.91,,,
2025-08-04 17:46:53,BTCUSDT,114600.0,,,
2025-08-04 17:46:53,ETHUSDT,3636.74,,,
2025-08-04 17:46:53,BNBUSDT,758.74,,,
2025-08-04 17:47:54,BTCUSDT,114615.89,,,
2025-08-04 17:47:54,ETHUSDT,3639.91,,,
2025-08-04 17:47:54,BNBUSDT,758.98,,,
2025-08-04 17:48:53,BTCUSDT,114679.99,,,
2025-08-04 17:48:53,ETHUSDT,3643.05,,,
2025-08-04 17:48:53,BNBUSDT,759.39,,,
2025-08-04 17:49:55,BTCUSDT,114662.21,,,
2025-08-04 17:49:55,ETHUSDT,3639.0,,,
2025-08-04 17:49:55,BNBUSDT,758.7,,,
2025-08-04 17:50:54,BTCUSDT,114710.03,,,
2025-08-04 17:50:54,ETHUSDT,3642.56,,,
2025-08-04 17:50:54,BNBUSDT,759.47,,,
2025-08-04 17:51:54,BTCUSDT,114814.17,,,
2025-08-04 17:51:54,ETHUSDT,3646.48,,,
2025-08-04 17:51:54,BNBUSDT,760.2,,,
2025-08-04 17:52:56,BTCUSDT,114795.65,,,
2025-08-04 17:52:56,ETHUSDT,3646.49,,,
2025-08-04 17:52:56,BNBUSDT,759.79,,,
2025-08-04 17:53:54,BTCUSDT,114853.32,,,
2025-08-04 17:53:54,ETHUSDT,3646.05,,,
2025-08-04 17:53:54,BNBUSDT,760.09,,,
2025-08-04 17:54:55,BTCUSDT,114833.37,,,
2025-08-04 17:54:55,ETHUSDT,3647.01,,,
2025-08-04 17:54:55,BNBUSDT,760.14,,,
2025-08-04 17:55:55,BTCUSDT,114849.99,,,
2025-08-04 17:55:55,ETHUSDT,3648.42,,,
2025-08-04 17:55:55,BNBUSDT,760.35,,,
2025-08-04 17:56:54,BTCUSDT,114845.16,,,
2025-08-04 17:56:54,ETHUSDT,3650.96,,,
2025-08-04 17:56:54,BNBUSDT,760.69,,,
2025-08-04 17:57:55,BTCUSDT,114849.85,,,
2025-08-04 17:57:55,ETHUSDT,3649.24,,,
2025-08-04 17:57:55,BNBUSDT,760.7,,,
2025-08-04 17:58:54,BTCUSDT,114826.01,,,
2025-08-04 17:58:54,ETHUSDT,3647.57,,,
2025-08-04 17:58:54,BNBUSDT,760.51,,,
2025-08-04 17:59:56,BTCUSDT,114826.01,,,
2025-08-04 17:59:56,ETHUSDT,3649.03,,,
2025-08-04 17:59:56,BNBUSDT,760.43,,,
2025-08-04 18:00:55,BTCUSDT,114866.19,,,
2025-08-04 18:00:55,ETHUSDT,3649.95,,,
2025-08-04 18:00:55,BNBUSDT,761.15,,,
2025-08-04 18:01:54,BTCUSDT,114913.88,,,
2025-08-04 18:01:54,ETHUSDT,3651.57,,,
2025-08-04 18:01:54,BNBUSDT,761.07,,,
2025-08-04 18:02:55,BTCUSDT,114942.82,,,
2025-08-04 18:02:55,ETHUSDT,3654.71,,,
2025-08-04 18:02:55,BNBUSDT,761.1,,,
2025-08-04 18:03:56,BTCUSDT,114947.09,,,
2025-08-04 18:03:56,ETHUSDT,3656.65,,,
2025-08-04 18:03:56,BNBUSDT,761.11,,,
2025-08-04 18:04:58,BTCUSDT,114972.08,,,
2025-08-04 18:04:58,ETHUSDT,3657.41,,,
2025-08-04 18:04:58,BNBUSDT,761.86,,,
2025-08-04 18:05:54,BTCUSDT,115008.33,,,
2025-08-04 18:05:54,ETHUSDT,3657.15,,,
2025-08-04 18:05:54,BNBUSDT,762.08,,,
2025-08-04 18:06:53,BTCUSDT,115039.82,,,
2025-08-04 18:06:53,ETHUSDT,3658.9,,,
2025-08-04 18:06:53,BNBUSDT,762.3,,,
2025-08-04 18:07:53,BTCUSDT,115157.14,,,
2025-08-04 18:07:53,ETHUSDT,3665.38,,,
2025-08-04 18:07:53,BNBUSDT,763.01,,,
2025-08-04 18:08:53,BTCUSDT,115144.36,,,
2025-08-04 18:08:53,ETHUSDT,3668.35,,,
2025-08-04 18:08:53,BNBUSDT,763.15,,,
2025-08-04 18:09:54,BTCUSDT,115077.33,,,
2025-08-04 18:09:54,ETHUSDT,3662.23,,,
2025-08-04 18:09:54,BNBUSDT,762.83,,,
2025-08-04 18:10:54,BTCUSDT,115135.73,,,
2025-08-04 18:10:54,ETHUSDT,3665.43,,,
2025-08-04 18:10:54,BNBUSDT,763.27,,,
2025-08-04 18:11:53,BTCUSDT,115154.51,,,
2025-08-04 18:11:53,ETHUSDT,3666.01,,,
2025-08-04 18:11:53,BNBUSDT,762.99,,,
2025-08-04 18:12:56,BTCUSDT,115126.92,,,
2025-08-04 18:12:56,ETHUSDT,3664.94,,,
2025-08-04 18:12:56,BNBUSDT,762.99,,,
2025-08-04 18:13:54,BTCUSDT,115094.38,,,
2025-08-04 18:13:54,ETHUSDT,3667.23,,,
2025-08-04 18:13:54,BNBUSDT,762.77,,,
2025-08-04 18:14:55,BTCUSDT,115009.22,,,
2025-08-04 18:14:55,ETHUSDT,3666.46,,,
2025-08-04 18:14:55,BNBUSDT,763.0,,,
2025-08-04 18:15:55,BTCUSDT,115001.55,,,
2025-08-04 18:15:55,ETHUSDT,3666.4,,,
2025-08-04 18:15:55,BNBUSDT,763.08,,,
2025-08-04 18:16:54,BTCUSDT,115107.61,,,
2025-08-04 18:16:54,ETHUSDT,3673.2,,,
2025-08-04 18:16:54,BNBUSDT,763.87,,,
2025-08-04 18:17:54,BTCUSDT,115015.81,,,
2025-08-04 18:17:54,ETHUSDT,3663.16,,,
2025-08-04 18:17:54,BNBUSDT,762.91,,,
2025-08-04 18:18:55,BTCUSDT,115008.95,,,
2025-08-04 18:18:55,ETHUSDT,3662.98,,,
2025-08-04 18:18:55,BNBUSDT,762.21,,,
2025-08-04 18:19:54,BTCUSDT,115045.02,,,
2025-08-04 18:19:54,ETHUSDT,3664.02,,,
2025-08-04 18:19:54,BNBUSDT,762.76,,,
2025-08-04 18:20:54,BTCUSDT,115037.41,,,
2025-08-04 18:20:54,ETHUSDT,3663.79,,,
2025-08-04 18:20:54,BNBUSDT,763.08,,,
2025-08-04 18:21:55,BTCUSDT,115126.96,,,
2025-08-04 18:21:55,ETHUSDT,3672.12,,,
2025-08-04 18:21:55,BNBUSDT,764.13,,,
2025-08-04 18:22:54,BTCUSDT,115003.55,,,
2025-08-04 18:22:54,ETHUSDT,3665.01,,,
2025-08-04 18:22:54,BNBUSDT,763.42,,,
2025-08-04 18:23:54,BTCUSDT,114922.72,,,
2025-08-04 18:23:54,ETHUSDT,3664.76,,,
2025-08-04 18:23:54,BNBUSDT,763.17,,,
2025-08-04 18:24:53,BTCUSDT,114976.28,,,
2025-08-04 18:24:53,ETHUSDT,3667.42,,,
2025-08-04 18:24:53,BNBUSDT,763.6,,,
2025-08-04 18:25:55,BTCUSDT,115004.28,,,
2025-08-04 18:25:55,ETHUSDT,3669.12,,,
2025-08-04 18:25:55,BNBUSDT,764.13,,,
2025-08-04 18:26:59,BTCUSDT,115006.31,,,
2025-08-04 18:26:59,ETHUSDT,3671.18,,,
2025-08-04 18:26:59,BNBUSDT,764.19,,,
2025-08-04 18:27:57,BTCUSDT,115009.38,,,
2025-08-04 18:27:57,ETHUSDT,3671.65,,,
2025-08-04 18:27:57,BNBUSDT,764.21,,,
2025-08-04 18:28:59,BTCUSDT,114964.05,,,
2025-08-04 18:28:59,ETHUSDT,3669.64,,,
2025-08-04 18:28:59,BNBUSDT,763.82,,,
2025-08-04 18:30:01,BTCUSDT,114901.01,,,
2025-08-04 18:30:01,ETHUSDT,3664.99,,,
2025-08-04 18:30:01,BNBUSDT,763.47,,,
2025-08-04 18:30:54,BTCUSDT,114976.0,,,
2025-08-04 18:30:54,ETHUSDT,3669.25,,,
2025-08-04 18:30:54,BNBUSDT,764.0,,,
2025-08-04 18:31:56,BTCUSDT,114966.74,,,
2025-08-04 18:31:56,ETHUSDT,3669.01,,,
2025-08-04 18:31:56,BNBUSDT,764.05,,,
2025-08-04 18:32:56,BTCUSDT,115019.99,,,
2025-08-04 18:32:56,ETHUSDT,3669.72,,,
2025-08-04 18:32:56,BNBUSDT,764.13,,,
2025-08-04 18:33:57,BTCUSDT,114980.85,,,
2025-08-04 18:33:57,ETHUSDT,3669.76,,,
2025-08-04 18:33:57,BNBUSDT,763.87,,,
2025-08-04 18:34:54,BTCUSDT,114994.38,,,
2025-08-04 18:34:54,ETHUSDT,3670.59,,,
2025-08-04 18:34:54,BNBUSDT,764.08,,,
2025-08-04 18:35:54,BTCUSDT,114950.37,,,
2025-08-04 18:35:54,ETHUSDT,3667.18,,,
2025-08-04 18:35:54,BNBUSDT,763.91,,,
2025-08-04 18:36:54,BTCUSDT,114983.68,,,
2025-08-04 18:36:54,ETHUSDT,3670.09,,,
2025-08-04 18:36:54,BNBUSDT,764.28,,,
2025-08-04 18:37:56,BTCUSDT,114950.35,,,
2025-08-04 18:37:56,ETHUSDT,3670.09,,,
2025-08-04 18:37:56,BNBUSDT,764.2,,,
2025-08-04 18:38:55,BTCUSDT,114940.0,,,
2025-08-04 18:38:55,ETHUSDT,3671.55,,,
2025-08-04 18:38:55,BNBUSDT,764.35,,,
2025-08-04 18:39:59,BTCUSDT,114954.45,,,
2025-08-04 18:39:59,ETHUSDT,3669.59,,,
2025-08-04 18:39:59,BNBUSDT,764.51,,,
2025-08-04 18:41:03,BTCUSDT,114955.17,,,
2025-08-04 18:41:03,ETHUSDT,3672.33,,,
2025-08-04 18:41:03,BNBUSDT,764.84,,,
2025-08-04 18:41:59,BTCUSDT,115066.0,,,
2025-08-04 18:41:59,ETHUSDT,3692.52,,,
2025-08-04 18:41:59,BNBUSDT,765.7,,,
2025-08-04 18:42:57,BTCUSDT,115090.39,,,
2025-08-04 18:42:57,ETHUSDT,3688.67,,,
2025-08-04 18:42:57,BNBUSDT,765.59,,,
2025-08-04 18:43:57,BTCUSDT,115014.73,,,
2025-08-04 18:43:57,ETHUSDT,3682.77,,,
2025-08-04 18:43:57,BNBUSDT,765.29,,,
2025-08-04 18:45:02,BTCUSDT,115066.73,,,
2025-08-04 18:45:02,ETHUSDT,3685.27,,,
2025-08-04 18:45:02,BNBUSDT,765.82,,,
2025-08-04 18:45:56,BTCUSDT,115115.22,,,
2025-08-04 18:45:56,ETHUSDT,3686.09,,,
2025-08-04 18:45:56,BNBUSDT,766.14,,,
2025-08-04 18:47:03,BTCUSDT,115244.52,,,
2025-08-04 18:47:03,ETHUSDT,3689.24,,,
2025-08-04 18:47:03,BNBUSDT,766.61,,,
2025-08-04 18:47:56,BTCUSDT,115354.86,,,
2025-08-04 18:47:56,ETHUSDT,3688.76,,,
2025-08-04 18:47:56,BNBUSDT,766.44,,,
2025-08-04 18:48:55,BTCUSDT,115378.09,,,
2025-08-04 18:48:55,ETHUSDT,3688.91,,,
2025-08-04 18:48:55,BNBUSDT,766.53,,,
2025-08-04 18:49:55,BTCUSDT,115338.98,,,
2025-08-04 18:49:55,ETHUSDT,3687.24,,,
2025-08-04 18:49:55,BNBUSDT,766.87,,,
2025-08-04 18:50:57,BTCUSDT,115314.01,,,
2025-08-04 18:50:57,ETHUSDT,3683.69,,,
2025-08-04 18:50:57,BNBUSDT,766.73,,,
2025-08-04 18:52:00,BTCUSDT,115304.79,,,
2025-08-04 18:52:00,ETHUSDT,3685.72,,,
2025-08-04 18:52:00,BNBUSDT,766.88,,,
2025-08-04 18:52:58,BTCUSDT,115338.0,,,
2025-08-04 18:52:58,ETHUSDT,3686.82,,,
2025-08-04 18:52:58,BNBUSDT,766.98,,,
2025-08-04 18:53:56,BTCUSDT,115399.99,,,
2025-08-04 18:53:56,ETHUSDT,3691.5,,,
2025-08-04 18:53:56,BNBUSDT,767.98,,,
2025-08-04 18:54:54,BTCUSDT,115400.0,,,
2025-08-04 18:54:54,ETHUSDT,3691.66,,,
2025-08-04 18:54:54,BNBUSDT,768.73,,,
2025-08-04 18:56:05,BTCUSDT,115392.75,,,
2025-08-04 18:56:05,ETHUSDT,3689.11,,,
2025-08-04 18:56:05,BNBUSDT,768.19,,,
2025-08-04 18:56:54,BTCUSDT,115370.35,,,
2025-08-04 18:56:54,ETHUSDT,3688.84,,,
2025-08-04 18:56:54,BNBUSDT,768.14,,,
2025-08-04 18:57:54,BTCUSDT,115344.62,,,
2025-08-04 18:57:54,ETHUSDT,3688.72,,,
2025-08-04 18:57:54,BNBUSDT,767.59,,,
2025-08-04 18:58:56,BTCUSDT,115310.84,,,
2025-08-04 18:58:56,ETHUSDT,3688.36,,,
2025-08-04 18:58:56,BNBUSDT,768.46,,,
2025-08-04 18:59:56,BTCUSDT,115301.0,,,
2025-08-04 18:59:56,ETHUSDT,3685.99,,,
2025-08-04 18:59:56,BNBUSDT,768.07,,,
2025-08-04 19:00:54,BTCUSDT,115252.28,,,
2025-08-04 19:00:54,ETHUSDT,3682.66,,,
2025-08-04 19:00:54,BNBUSDT,767.25,,,
2025-08-04 19:01:54,BTCUSDT,115376.22,,,
2025-08-04 19:01:54,ETHUSDT,3689.69,,,
2025-08-04 19:01:54,BNBUSDT,768.19,,,
2025-08-04 19:02:56,BTCUSDT,115324.33,,,
2025-08-04 19:02:56,ETHUSDT,3686.55,,,
2025-08-04 19:02:56,BNBUSDT,767.43,,,
2025-08-04 19:03:54,BTCUSDT,115357.5,,,
2025-08-04 19:03:54,ETHUSDT,3689.1,,,
2025-08-04 19:03:54,BNBUSDT,767.97,,,
2025-08-04 19:04:57,BTCUSDT,115400.0,,,
2025-08-04 19:04:57,ETHUSDT,3690.51,,,
2025-08-04 19:04:57,BNBUSDT,768.19,,,
2025-08-04 19:05:54,BTCUSDT,115406.71,,,
2025-08-04 19:05:54,ETHUSDT,3691.96,,,
2025-08-04 19:05:54,BNBUSDT,768.16,,,
2025-08-04 19:06:58,BTCUSDT,115573.4,,,
2025-08-04 19:06:58,ETHUSDT,3712.37,,,
2025-08-04 19:06:58,BNBUSDT,769.37,,,
2025-08-04 19:07:54,BTCUSDT,115552.76,,,
2025-08-04 19:07:54,ETHUSDT,3711.48,,,
2025-08-04 19:07:54,BNBUSDT,769.14,,,
2025-08-04 19:08:57,BTCUSDT,115503.95,,,
2025-08-04 19:08:57,ETHUSDT,3709.5,,,
2025-08-04 19:08:57,BNBUSDT,768.91,,,
2025-08-04 19:09:57,BTCUSDT,115536.39,,,
2025-08-04 19:09:57,ETHUSDT,3715.71,,,
2025-08-04 19:09:57,BNBUSDT,769.4,,,
2025-08-04 19:10:58,BTCUSDT,115568.8,,,
2025-08-04 19:10:58,ETHUSDT,3718.33,,,
2025-08-04 19:10:58,BNBUSDT,769.42,,,
2025-08-04 19:11:55,BTCUSDT,115595.0,,,
2025-08-04 19:11:55,ETHUSDT,3715.51,,,
2025-08-04 19:11:55,BNBUSDT,769.37,,,
2025-08-04 19:12:58,BTCUSDT,115648.28,,,
2025-08-04 19:12:58,ETHUSDT,3712.03,,,
2025-08-04 19:12:58,BNBUSDT,769.39,,,
2025-08-04 19:13:59,BTCUSDT,115681.75,,,
2025-08-04 19:13:59,ETHUSDT,3715.76,,,
2025-08-04 19:13:59,BNBUSDT,769.36,,,
2025-08-04 19:15:03,BTCUSDT,115676.1,,,
2025-08-04 19:15:03,ETHUSDT,3715.0,,,
2025-08-04 19:15:03,BNBUSDT,769.39,,,
2025-08-04 19:15:56,BTCUSDT,115669.22,,,
2025-08-04 19:15:56,ETHUSDT,3712.44,,,
2025-08-04 19:15:56,BNBUSDT,769.22,,,
2025-08-04 19:16:57,BTCUSDT,115697.8,,,
2025-08-04 19:16:57,ETHUSDT,3714.05,,,
2025-08-04 19:16:57,BNBUSDT,769.53,,,
2025-08-04 19:17:54,BTCUSDT,115710.0,,,
2025-08-04 19:17:54,ETHUSDT,3711.07,,,
2025-08-04 19:17:54,BNBUSDT,769.43,,,
2025-08-04 19:18:55,BTCUSDT,115561.64,,,
2025-08-04 19:18:55,ETHUSDT,3704.63,,,
2025-08-04 19:18:55,BNBUSDT,768.9,,,
2025-08-04 19:20:01,BTCUSDT,115535.25,,,
2025-08-04 19:20:01,ETHUSDT,3702.8,,,
2025-08-04 19:20:01,BNBUSDT,768.51,,,
2025-08-04 19:20:55,BTCUSDT,115498.58,,,
2025-08-04 19:20:55,ETHUSDT,3699.64,,,
2025-08-04 19:20:55,BNBUSDT,768.41,,,
2025-08-04 19:21:58,BTCUSDT,115483.04,,,
2025-08-04 19:21:58,ETHUSDT,3702.05,,,
2025-08-04 19:21:58,BNBUSDT,768.21,,,
2025-08-04 19:22:57,BTCUSDT,115457.7,,,
2025-08-04 19:22:57,ETHUSDT,3700.73,,,
2025-08-04 19:22:57,BNBUSDT,768.33,,,
2025-08-04 19:23:56,BTCUSDT,115477.82,,,
2025-08-04 19:23:56,ETHUSDT,3698.01,,,
2025-08-04 19:23:56,BNBUSDT,768.06,,,
2025-08-04 19:24:56,BTCUSDT,115485.43,,,
2025-08-04 19:24:56,ETHUSDT,3698.53,,,
2025-08-04 19:24:56,BNBUSDT,768.2,,,
2025-08-04 19:26:00,BTCUSDT,115481.57,,,
2025-08-04 19:26:00,ETHUSDT,3697.77,,,
2025-08-04 19:26:00,BNBUSDT,768.15,,,
2025-08-04 19:26:57,BTCUSDT,115470.93,,,
2025-08-04 19:26:57,ETHUSDT,3695.11,,,
2025-08-04 19:26:57,BNBUSDT,768.03,,,
2025-08-04 19:27:56,BTCUSDT,115499.99,,,
2025-08-04 19:27:56,ETHUSDT,3694.74,,,
2025-08-04 19:27:56,BNBUSDT,768.09,,,
2025-08-04 19:28:58,BTCUSDT,115520.67,,,
2025-08-04 19:28:58,ETHUSDT,3697.5,,,
2025-08-04 19:28:58,BNBUSDT,768.23,,,
2025-08-04 19:29:58,BTCUSDT,115509.85,,,
2025-08-04 19:29:58,ETHUSDT,3695.01,,,
2025-08-04 19:29:58,BNBUSDT,768.03,,,
2025-08-04 19:30:56,BTCUSDT,115460.0,,,
2025-08-04 19:30:56,ETHUSDT,3690.89,,,
2025-08-04 19:30:56,BNBUSDT,767.57,,,
2025-08-04 19:32:02,BTCUSDT,115400.06,,,
2025-08-04 19:32:02,ETHUSDT,3690.02,,,
2025-08-04 19:32:02,BNBUSDT,767.72,,,
2025-08-04 19:32:55,BTCUSDT,115321.71,,,
2025-08-04 19:32:55,ETHUSDT,3688.29,,,
2025-08-04 19:32:55,BNBUSDT,767.72,,,
2025-08-04 19:33:55,BTCUSDT,115312.51,,,
2025-08-04 19:33:55,ETHUSDT,3688.48,,,
2025-08-04 19:33:55,BNBUSDT,767.73,,,
2025-08-04 19:34:57,BTCUSDT,115304.53,,,
2025-08-04 19:34:57,ETHUSDT,3688.29,,,
2025-08-04 19:34:57,BNBUSDT,767.6,,,
2025-08-04 19:35:57,BTCUSDT,115300.0,,,
2025-08-04 19:35:57,ETHUSDT,3688.75,,,
2025-08-04 19:35:57,BNBUSDT,768.23,,,
2025-08-04 19:36:54,BTCUSDT,115343.31,,,
2025-08-04 19:36:54,ETHUSDT,3691.98,,,
2025-08-04 19:36:54,BNBUSDT,768.45,,,
2025-08-04 19:37:56,BTCUSDT,115352.73,,,
2025-08-04 19:37:56,ETHUSDT,3687.33,,,
2025-08-04 19:37:56,BNBUSDT,767.82,,,
2025-08-04 19:38:57,BTCUSDT,115356.64,,,
2025-08-04 19:38:57,ETHUSDT,3687.31,,,
2025-08-04 19:38:57,BNBUSDT,767.73,,,
2025-08-04 19:40:03,BTCUSDT,115335.08,,,
2025-08-04 19:40:03,ETHUSDT,3686.74,,,
2025-08-04 19:40:03,BNBUSDT,767.56,,,
2025-08-04 19:40:58,BTCUSDT,115265.78,,,
2025-08-04 19:40:58,ETHUSDT,3679.51,,,
2025-08-04 19:40:58,BNBUSDT,766.79,,,
2025-08-04 19:41:58,BTCUSDT,115299.57,,,
2025-08-04 19:41:58,ETHUSDT,3682.76,,,
2025-08-04 19:41:58,BNBUSDT,767.44,,,
2025-08-04 19:42:56,BTCUSDT,115334.35,,,
2025-08-04 19:42:56,ETHUSDT,3684.7,,,
2025-08-04 19:42:56,BNBUSDT,767.95,,,
2025-08-04 19:43:57,BTCUSDT,115263.48,,,
2025-08-04 19:43:57,ETHUSDT,3682.42,,,
2025-08-04 19:43:57,BNBUSDT,767.7,,,
2025-08-04 19:44:56,BTCUSDT,115242.36,,,
2025-08-04 19:44:56,ETHUSDT,3680.4,,,
2025-08-04 19:44:56,BNBUSDT,767.14,,,
2025-08-04 19:45:55,BTCUSDT,115270.97,,,
2025-08-04 19:45:55,ETHUSDT,3683.4,,,
2025-08-04 19:45:55,BNBUSDT,767.12,,,
2025-08-04 19:47:00,BTCUSDT,115271.38,,,
2025-08-04 19:47:00,ETHUSDT,3683.83,,,
2025-08-04 19:47:00,BNBUSDT,767.09,,,
2025-08-04 19:47:58,BTCUSDT,115212.01,,,
2025-08-04 19:47:58,ETHUSDT,3681.41,,,
2025-08-04 19:47:58,BNBUSDT,766.54,,,
2025-08-04 19:48:55,BTCUSDT,115212.25,,,
2025-08-04 19:48:55,ETHUSDT,3682.66,,,
2025-08-04 19:48:55,BNBUSDT,766.61,,,
2025-08-04 19:49:56,BTCUSDT,115269.83,,,
2025-08-04 19:49:56,ETHUSDT,3688.02,,,
2025-08-04 19:49:56,BNBUSDT,767.3,,,
2025-08-04 19:50:57,BTCUSDT,115247.96,,,
2025-08-04 19:50:57,ETHUSDT,3685.76,,,
2025-08-04 19:50:57,BNBUSDT,766.86,,,
2025-08-04 19:51:56,BTCUSDT,115176.0,,,
2025-08-04 19:51:56,ETHUSDT,3682.45,,,
2025-08-04 19:51:56,BNBUSDT,766.58,,,
2025-08-04 19:52:57,BTCUSDT,115216.22,,,
2025-08-04 19:52:57,ETHUSDT,3684.4,,,
2025-08-04 19:52:57,BNBUSDT,766.72,,,
2025-08-04 19:53:59,BTCUSDT,115185.83,,,
2025-08-04 19:53:59,ETHUSDT,3682.45,,,
2025-08-04 19:53:59,BNBUSDT,766.29,,,
2025-08-04 19:55:03,BTCUSDT,115180.01,,,
2025-08-04 19:55:03,ETHUSDT,3681.62,,,
2025-08-04 19:55:03,BNBUSDT,766.18,,,
2025-08-04 19:55:56,BTCUSDT,115148.08,,,
2025-08-04 19:55:56,ETHUSDT,3680.61,,,
2025-08-04 19:55:56,BNBUSDT,765.44,,,
2025-08-04 19:56:57,BTCUSDT,115154.41,,,
2025-08-04 19:56:57,ETHUSDT,3678.64,,,
2025-08-04 19:56:57,BNBUSDT,765.54,,,
2025-08-04 19:57:55,BTCUSDT,115154.41,,,
2025-08-04 19:57:55,ETHUSDT,3680.24,,,
2025-08-04 19:57:55,BNBUSDT,765.75,,,
2025-08-04 19:58:56,BTCUSDT,115187.25,,,
2025-08-04 19:58:56,ETHUSDT,3681.17,,,
2025-08-04 19:58:56,BNBUSDT,766.02,,,
2025-08-04 19:59:59,BTCUSDT,115193.4,,,
2025-08-04 19:59:59,ETHUSDT,3681.78,,,
2025-08-04 19:59:59,BNBUSDT,766.21,,,
2025-08-04 20:00:55,BTCUSDT,115259.4,,,
2025-08-04 20:00:55,ETHUSDT,3686.22,,,
2025-08-04 20:00:55,BNBUSDT,766.63,,,
2025-08-04 20:01:57,BTCUSDT,115229.99,,,
2025-08-04 20:01:57,ETHUSDT,3685.75,,,
2025-08-04 20:01:57,BNBUSDT,766.54,,,
2025-08-04 20:02:55,BTCUSDT,115197.43,,,
2025-08-04 20:02:55,ETHUSDT,3686.92,,,
2025-08-04 20:02:55,BNBUSDT,766.79,,,
2025-08-04 20:04:01,BTCUSDT,115184.59,,,
2025-08-04 20:04:01,ETHUSDT,3687.3,,,
2025-08-04 20:04:01,BNBUSDT,766.77,,,
2025-08-04 20:04:57,BTCUSDT,115181.57,,,
2025-08-04 20:04:57,ETHUSDT,3685.32,,,
2025-08-04 20:04:57,BNBUSDT,766.76,,,
2025-08-04 20:05:57,BTCUSDT,115223.37,,,
2025-08-04 20:05:57,ETHUSDT,3686.36,,,
2025-08-04 20:05:57,BNBUSDT,766.71,,,
2025-08-04 20:06:58,BTCUSDT,115186.75,,,
2025-08-04 20:06:58,ETHUSDT,3682.53,,,
2025-08-04 20:06:58,BNBUSDT,766.55,,,
2025-08-04 20:08:02,BTCUSDT,115175.98,,,
2025-08-04 20:08:02,ETHUSDT,3682.31,,,
2025-08-04 20:08:02,BNBUSDT,767.08,,,
2025-08-04 20:08:59,BTCUSDT,115240.0,,,
2025-08-04 20:08:59,ETHUSDT,3685.44,,,
2025-08-04 20:08:59,BNBUSDT,767.3,,,
2025-08-04 20:09:55,BTCUSDT,115161.28,,,
2025-08-04 20:09:55,ETHUSDT,3681.87,,,
2025-08-04 20:09:55,BNBUSDT,767.12,,,
2025-08-04 20:10:58,BTCUSDT,115127.15,,,
2025-08-04 20:10:58,ETHUSDT,3678.38,,,
2025-08-04 20:10:58,BNBUSDT,766.58,,,
2025-08-04 20:11:56,BTCUSDT,115159.99,,,
2025-08-04 20:11:56,ETHUSDT,3682.92,,,
2025-08-04 20:11:56,BNBUSDT,766.62,,,
2025-08-04 20:13:00,BTCUSDT,115146.14,,,
2025-08-04 20:13:00,ETHUSDT,3684.32,,,
2025-08-04 20:13:00,BNBUSDT,766.4,,,
2025-08-04 20:14:05,BTCUSDT,115102.01,,,
2025-08-04 20:14:05,ETHUSDT,3680.3,,,
2025-08-04 20:14:05,BNBUSDT,765.41,,,
2025-08-04 20:15:05,BTCUSDT,115080.0,,,
2025-08-04 20:15:05,ETHUSDT,3678.8,,,
2025-08-04 20:15:05,BNBUSDT,765.03,,,
2025-08-04 20:15:56,BTCUSDT,115066.19,,,
2025-08-04 20:15:56,ETHUSDT,3677.69,,,
2025-08-04 20:15:56,BNBUSDT,765.18,,,
2025-08-04 20:16:59,BTCUSDT,115130.79,,,
2025-08-04 20:16:59,ETHUSDT,3680.3,,,
2025-08-04 20:16:59,BNBUSDT,765.93,,,
2025-08-04 20:33:52,BTCUSDT,115224.09,,,
2025-08-04 20:33:52,ETHUSDT,3683.37,,,
2025-08-04 20:33:52,BNBUSDT,764.71,,,
2025-08-04 20:34:59,BTCUSDT,115209.31,,,
2025-08-04 20:34:59,ETHUSDT,3682.55,,,
2025-08-04 20:34:59,BNBUSDT,764.44,,,
2025-08-04 20:35:06,BTCUSDT,115209.32,,,
2025-08-04 20:35:06,ETHUSDT,3680.73,,,
2025-08-04 20:35:06,BNBUSDT,764.31,,,
2025-08-04 20:35:15,BTCUSDT,115200.01,,,
2025-08-04 20:35:15,ETHUSDT,3680.99,,,
2025-08-04 20:35:15,BNBUSDT,764.3,,,
2025-08-04 20:35:25,BTCUSDT,115205.39,,,
2025-08-04 20:35:25,ETHUSDT,3681.53,,,
2025-08-04 20:35:25,BNBUSDT,764.54,,,
2025-08-04 20:35:35,BTCUSDT,115175.66,,,
2025-08-04 20:35:35,ETHUSDT,3680.24,,,
2025-08-04 20:35:35,BNBUSDT,764.42,,,
2025-08-04 20:35:48,BTCUSDT,115175.65,,,
2025-08-04 20:35:48,ETHUSDT,3679.68,,,
2025-08-04 20:35:48,BNBUSDT,764.42,,,
2025-08-04 20:35:56,BTCUSDT,115175.66,,,
2025-08-04 20:35:56,ETHUSDT,3681.0,,,
2025-08-04 20:35:56,BNBUSDT,764.5,,,
2025-08-04 20:36:11,BTCUSDT,115175.66,,,
2025-08-04 20:36:11,ETHUSDT,3681.7,,,
2025-08-04 20:36:11,BNBUSDT,764.62,,,
2025-08-04 20:36:18,BTCUSDT,115175.65,,,
2025-08-04 20:36:18,ETHUSDT,3683.12,,,
2025-08-04 20:36:18,BNBUSDT,764.67,,,
2025-08-04 20:36:28,BTCUSDT,115199.55,,,
2025-08-04 20:36:28,ETHUSDT,3682.7,,,
2025-08-04 20:36:28,BNBUSDT,764.61,,,
2025-08-04 20:36:57,BTCUSDT,115224.09,,,
2025-08-04 20:36:57,ETHUSDT,3684.33,,,
2025-08-04 20:36:57,BNBUSDT,764.9,,,
2025-08-04 20:37:23,BTCUSDT,115237.99,,,
2025-08-04 20:37:23,ETHUSDT,3686.08,,,
2025-08-04 20:37:23,BNBUSDT,765.0,,,
2025-08-04 20:37:31,BTCUSDT,115227.2,,,
2025-08-04 20:37:31,ETHUSDT,3683.98,,,
2025-08-04 20:37:31,BNBUSDT,764.94,,,
2025-08-04 20:37:42,BTCUSDT,115204.58,,,
2025-08-04 20:37:42,ETHUSDT,3681.53,,,
2025-08-04 20:37:42,BNBUSDT,764.74,,,
2025-08-04 20:37:53,BTCUSDT,115202.54,,,
2025-08-04 20:37:53,ETHUSDT,3681.16,,,
2025-08-04 20:37:53,BNBUSDT,764.61,,,
2025-08-04 20:38:03,BTCUSDT,115187.83,,,
2025-08-04 20:38:03,ETHUSDT,3680.44,,,
2025-08-04 20:38:03,BNBUSDT,764.47,,,
2025-08-04 20:38:12,BTCUSDT,115187.82,,,
2025-08-04 20:38:12,ETHUSDT,3680.44,,,
2025-08-04 20:38:12,BNBUSDT,764.45,,,
2025-08-04 20:38:22,BTCUSDT,115187.83,,,
2025-08-04 20:38:22,ETHUSDT,3680.64,,,
2025-08-04 20:38:22,BNBUSDT,764.45,,,
2025-08-04 20:38:31,BTCUSDT,115182.14,,,
2025-08-04 20:38:31,ETHUSDT,3679.83,,,
2025-08-04 20:38:31,BNBUSDT,764.21,,,
2025-08-04 20:38:44,BTCUSDT,115160.0,,,
2025-08-04 20:38:44,ETHUSDT,3680.6,,,
2025-08-04 20:38:44,BNBUSDT,764.23,,,
2025-08-04 20:38:53,BTCUSDT,115160.01,,,
2025-08-04 20:38:53,ETHUSDT,3681.44,,,
2025-08-04 20:38:53,BNBUSDT,764.39,,,
2025-08-04 20:39:04,BTCUSDT,115160.0,,,
2025-08-04 20:39:04,ETHUSDT,3680.73,,,
2025-08-04 20:39:04,BNBUSDT,764.35,,,
2025-08-04 20:39:12,BTCUSDT,115140.0,,,
2025-08-04 20:39:12,ETHUSDT,3679.51,,,
2025-08-04 20:39:12,BNBUSDT,764.2,,,
2025-08-04 20:39:55,BTCUSDT,115131.63,,,
2025-08-04 20:39:55,ETHUSDT,3679.99,,,
2025-08-04 20:39:55,BNBUSDT,764.23,,,
2025-08-04 20:40:58,BTCUSDT,115068.0,,,
2025-08-04 20:40:58,ETHUSDT,3678.29,,,
2025-08-04 20:40:58,BNBUSDT,764.05,,,
2025-08-04 20:41:59,BTCUSDT,115099.98,,,
2025-08-04 20:41:59,ETHUSDT,3678.42,,,
2025-08-04 20:41:59,BNBUSDT,764.19,,,
2025-08-04 20:43:04,BTCUSDT,115073.99,,,
2025-08-04 20:43:04,ETHUSDT,3676.2,,,
2025-08-04 20:43:04,BNBUSDT,764.07,,,
2025-08-04 20:44:00,BTCUSDT,115065.46,,,
2025-08-04 20:44:00,ETHUSDT,3675.0,,,
2025-08-04 20:44:00,BNBUSDT,764.02,,,
2025-08-04 20:45:04,BTCUSDT,115069.25,,,
2025-08-04 20:45:04,ETHUSDT,3675.0,,,
2025-08-04 20:45:04,BNBUSDT,763.94,,,
2025-08-04 20:45:55,BTCUSDT,115045.38,,,
2025-08-04 20:45:55,ETHUSDT,3675.39,,,
2025-08-04 20:45:55,BNBUSDT,763.96,,,
2025-08-04 20:47:53,BTCUSDT,115075.92,,,
2025-08-04 20:47:53,ETHUSDT,3678.2,,,
2025-08-04 20:47:53,BNBUSDT,764.4,,,
2025-08-04 20:48:01,BTCUSDT,115075.92,,,
2025-08-04 20:48:01,ETHUSDT,3679.66,,,
2025-08-04 20:48:01,BNBUSDT,764.41,,,
2025-08-04 20:48:14,BTCUSDT,115086.81,,,
2025-08-04 20:48:14,ETHUSDT,3679.83,,,
2025-08-04 20:48:14,BNBUSDT,764.41,,,
2025-08-04 20:48:26,BTCUSDT,115086.1,,,
2025-08-04 20:48:26,ETHUSDT,3678.72,,,
2025-08-04 20:48:26,BNBUSDT,764.12,,,
2025-08-04 20:48:36,BTCUSDT,115075.91,,,
2025-08-04 20:48:36,ETHUSDT,3675.85,,,
2025-08-04 20:48:36,BNBUSDT,764.01,,,
2025-08-04 20:48:40,BTCUSDT,115049.51,,,
2025-08-04 20:48:40,ETHUSDT,3677.42,,,
2025-08-04 20:48:40,BNBUSDT,764.1,,,
2025-08-04 20:48:57,BTCUSDT,115079.99,,,
2025-08-04 20:48:57,ETHUSDT,3679.81,,,
2025-08-04 20:48:57,BNBUSDT,764.29,,,
2025-08-04 20:49:08,BTCUSDT,115080.0,,,
2025-08-04 20:49:08,ETHUSDT,3679.81,,,
2025-08-04 20:49:08,BNBUSDT,764.38,,,
2025-08-04 20:49:15,BTCUSDT,115117.82,,,
2025-08-04 20:49:15,ETHUSDT,3682.54,,,
2025-08-04 20:49:15,BNBUSDT,764.64,,,
2025-08-04 20:49:24,BTCUSDT,115085.12,,,
2025-08-04 20:49:24,ETHUSDT,3680.41,,,
2025-08-04 20:49:24,BNBUSDT,764.41,,,
2025-08-04 20:49:30,BTCUSDT,115085.11,,,
2025-08-04 20:49:30,ETHUSDT,3680.19,,,
2025-08-04 20:49:30,BNBUSDT,764.4,,,
2025-08-04 20:49:45,BTCUSDT,115085.12,,,
2025-08-04 20:49:45,ETHUSDT,3679.79,,,
2025-08-04 20:49:45,BNBUSDT,764.31,,,
2025-08-04 20:50:06,BTCUSDT,115085.11,,,
2025-08-04 20:50:06,ETHUSDT,3680.19,,,
2025-08-04 20:50:06,BNBUSDT,764.32,,,
2025-08-04 20:51:13,BTCUSDT,115057.91,,,
2025-08-04 20:51:13,ETHUSDT,3679.89,,,
2025-08-04 20:51:13,BNBUSDT,764.38,,,
2025-08-04 20:51:49,BTCUSDT,115031.06,,,
2025-08-04 20:51:49,ETHUSDT,3676.99,,,
2025-08-04 20:51:49,BNBUSDT,763.91,,,
2025-08-04 20:52:02,BTCUSDT,115031.07,,,
2025-08-04 20:52:02,ETHUSDT,3676.65,,,
2025-08-04 20:52:02,BNBUSDT,763.87,,,
